{"shallow": {"1": {"accuracy": 0.8125, "loss": [0.0007994729676283896, 0.0004394695279188454, 0.00029084066045470536, 0.00021884875604882836, 0.00017475962522439659]}, "0.1": {"accuracy": 0.8125, "loss": [0.005915471352636814, 0.005138589534908533, 0.004570827819406986, 0.004128441214561462, 0.0037735619116574526]}, "0.01": {"accuracy": 0.8125, "loss": [0.009194321930408478, 0.00868054386228323, 0.008551733568310738, 0.008488863706588745, 0.008444685488939285]}, "0.001": {"accuracy": 0.8125, "loss": [0.03587906435132027, 0.020138058811426163, 0.015494713559746742, 0.013425210490822792, 0.01231287606060505]}, "0.0001": {"accuracy": 0.8125, "loss": [0.1972740888595581, 0.14285847544670105, 0.10842882096767426, 0.08598102629184723, 0.07070834934711456]}}, "deep": {"1": {"accuracy": 0.8125, "loss": [0.006182496901601553, 0.006180888507515192, 0.00618073670193553, 0.006180720403790474, 0.006180718541145325]}, "0.1": {"accuracy": 0.8125, "loss": [0.0037205140106379986, 0.0019810006488114595, 0.0009457682608626783, 0.00045241694897413254, 0.000535747327376157]}, "0.01": {"accuracy": 0.8125, "loss": [0.007590011693537235, 0.00738500477746129, 0.0072246091440320015, 0.007152119651436806, 0.006906973198056221]}, "0.001": {"accuracy": 0.8125, "loss": [0.014049550518393517, 0.009588919579982758, 0.009069086983799934, 0.008926263079047203, 0.008861428126692772]}, "0.0001": {"accuracy": 0.8125, "loss": [0.17555417120456696, 0.11848925054073334, 0.07710736989974976, 0.05131371691823006, 0.03644156828522682]}}}