{"shallow": {"0.1": {"0.7": {"accuracy": 1.0, "loss": [0.75, 0.75, 0.75, 0.75, 0.75]}, "0.8": {"accuracy": 0.961864406779661, "loss": [0.5, 0.5, 0.5, 0.5, 0.5]}, "0.9": {"accuracy": 0.0, "loss": [0.75, 0.75, 0.75, 0.75, 0.75]}, "1.0": {"accuracy": 1.0, "loss": [0.5, 0.5, 0.5, 0.5, 0.5]}}, "0.01": {"0.7": {"accuracy": 1.0, "loss": [0.25, 0.25, 0.25, 0.25, 0.25]}, "0.8": {"accuracy": 1.0, "loss": [0.5, 0.5, 0.5, 0.5, 0.5]}, "0.9": {"accuracy": 1.0, "loss": [0.25, 0.25, 0.25, 0.25, 0.25]}, "1.0": {"accuracy": 1.0, "loss": [0.0, 0.0, 0.0, 0.0, 0.0]}}, "0.001": {"0.7": {"accuracy": 0.0, "loss": [0.25, 0.25, 0.25, 0.25, 0.25]}, "0.8": {"accuracy": 1.0, "loss": [0.0, 0.0, 0.0, 0.25, 0.25]}, "0.9": {"accuracy": 1.0, "loss": [0.25, 0.25, 0.25, 0.25, 0.25]}, "1.0": {"accuracy": 1.0, "loss": [0.75, 0.75, 0.75, 0.75, 0.75]}}, "0.0001": {"0.7": {"accuracy": 0.9872881355932204, "loss": [0.25, 0.25, 0.25, 0.25, 0.25]}, "0.8": {"accuracy": 0.023305084745762712, "loss": [1.0, 1.0, 1.0, 1.0, 1.0]}, "0.9": {"accuracy": 0.9978813559322034, "loss": [0.75, 0.75, 0.75, 0.75, 0.75]}, "1.0": {"accuracy": 0.012711864406779662, "loss": [0.25, 0.25, 0.25, 0.25, 0.25]}}, "1e-05": {"0.7": {"accuracy": 0.023305084745762712, "loss": [0.75, 0.75, 0.75, 0.75, 0.75]}, "0.8": {"accuracy": 0.012711864406779662, "loss": [0.5, 0.5, 0.5, 0.5, 0.5]}, "0.9": {"accuracy": 1.0, "loss": [0.5, 0.5, 0.5, 0.5, 0.5]}, "1.0": {"accuracy": 1.0, "loss": [0.25, 0.25, 0.25, 0.25, 0.25]}}, "1e-06": {"0.7": {"accuracy": 1.0, "loss": [0.5, 0.5, 0.5, 0.5, 0.5]}, "0.8": {"accuracy": 1.0, "loss": [0.5, 0.5, 0.5, 0.5, 0.5]}, "0.9": {"accuracy": 0.9491525423728814, "loss": [0.25, 0.25, 0.0, 0.0, 0.0]}, "1.0": {"accuracy": 0.0, "loss": [1.0, 1.0, 1.0, 1.0, 1.0]}}}, "deep": {"0.1": {"0.7": {"accuracy": 0.0, "loss": [0.25, 0.25, 0.25, 0.25, 0.25]}, "0.8": {"accuracy": 0.0, "loss": [0.5, 0.5, 0.5, 0.5, 0.5]}, "0.9": {"accuracy": 0.0, "loss": [0.5, 0.5, 0.5, 0.5, 0.5]}, "1.0": {"accuracy": 0.0, "loss": [0.25, 0.25, 0.25, 0.25, 0.25]}}, "0.01": {"0.7": {"accuracy": 1.0, "loss": [0.2745806872844696, 0.31717121601104736, 0.3381196856498718, 0.34986546635627747, 0.3571547269821167]}, "0.8": {"accuracy": 1.0, "loss": [0.0, 0.0, 0.0, 0.0, 0.0]}, "0.9": {"accuracy": 1.0, "loss": [0.5, 0.5, 0.5, 0.5, 0.5]}, "1.0": {"accuracy": 0.0, "loss": [1.0, 1.0, 1.0, 1.0, 1.0]}}, "0.001": {"0.7": {"accuracy": 0.0, "loss": [0.25, 0.25, 0.25, 0.25, 0.25]}, "0.8": {"accuracy": 0.0, "loss": [0.25, 0.25, 0.25, 0.25, 0.25]}, "0.9": {"accuracy": 1.0, "loss": [0.5, 0.5, 0.5, 0.5, 0.5]}, "1.0": {"accuracy": 0.996822033898305, "loss": [0.3591631054878235, 0.34142839908599854, 0.32807549834251404, 0.319108247756958, 0.3137344717979431]}}, "0.0001": {"0.7": {"accuracy": 1.0, "loss": [0.5, 0.5, 0.5, 0.5, 0.5]}, "0.8": {"accuracy": 0.0031779661016949155, "loss": [0.25, 0.25, 0.25, 0.25, 0.25]}, "0.9": {"accuracy": 1.0, "loss": [0.5, 0.5, 0.5, 0.5, 0.5]}, "1.0": {"accuracy": 0.0, "loss": [0.5, 0.5, 0.5, 0.25, 0.25]}}, "1e-05": {"0.7": {"accuracy": 0.07097457627118645, "loss": [0.27423474192619324, 0.2741014063358307, 0.27396976947784424, 0.27383849024772644, 0.27370649576187134]}, "0.8": {"accuracy": 1.0, "loss": [0.2074792981147766, 0.20742183923721313, 0.20736493170261383, 0.20730851590633392, 0.2072526216506958]}, "0.9": {"accuracy": 0.9819915254237288, "loss": [0.0, 0.0, 0.0, 0.0, 0.0]}, "1.0": {"accuracy": 1.0, "loss": [0.5, 0.5, 0.5, 0.5, 0.5]}}, "1e-06": {"0.7": {"accuracy": 1.0, "loss": [0.5, 0.5, 0.5, 0.5, 0.5]}, "0.8": {"accuracy": 0.15360169491525424, "loss": [0.0, 0.0, 0.5, 0.5, 0.5]}, "0.9": {"accuracy": 0.9067796610169492, "loss": [0.75, 0.5, 0.75, 0.75, 0.5]}, "1.0": {"accuracy": 1.0, "loss": [0.5, 0.5, 0.5, 0.5, 0.5]}}}, "autoencoder": {"0.1": {"0.7": {"accuracy": 1.0, "loss": [0.3758750557899475, 0.3784390687942505, 0.37874501943588257, 0.37871259450912476, 0.3786501884460449]}, "0.8": {"accuracy": 1.0, "loss": [0.0, 0.0, 0.0, 0.0, 0.0]}, "0.9": {"accuracy": 0.0, "loss": [0.5, 0.5, 0.5, 0.5, 0.5]}, "1.0": {"accuracy": 1.0, "loss": [0.75, 0.75, 0.75, 0.75, 0.75]}}, "0.01": {"0.7": {"accuracy": 1.0, "loss": [0.2998654842376709, 0.3289197087287903, 0.3448278307914734, 0.3542032241821289, 0.36018043756484985]}, "0.8": {"accuracy": 1.0, "loss": [0.3262775242328644, 0.3397465944290161, 0.35034018754959106, 0.3573544919490814, 0.36210232973098755]}, "0.9": {"accuracy": 1.0, "loss": [0.2920054793357849, 0.32521843910217285, 0.3426743745803833, 0.35281282663345337, 0.3592236042022705]}, "1.0": {"accuracy": 0.0, "loss": [0.25, 0.25, 0.25, 0.25, 0.25]}}, "0.001": {"0.7": {"accuracy": 0.9904661016949152, "loss": [0.2784786522388458, 0.2690492868423462, 0.2653101086616516, 0.2657833993434906, 0.268932044506073]}, "0.8": {"accuracy": 1.0, "loss": [0.20275932550430298, 0.20234933495521545, 0.20546546578407288, 0.2115175724029541, 0.21952638030052185]}, "0.9": {"accuracy": 1.0, "loss": [0.5, 0.5, 0.5, 0.5, 0.5]}, "1.0": {"accuracy": 1.0, "loss": [0.23345670104026794, 0.24240761995315552, 0.2511035203933716, 0.25929009914398193, 0.2668665647506714]}}, "0.0001": {"0.7": {"accuracy": 0.0, "loss": [0.25, 0.25, 0.25, 0.25, 0.25]}, "0.8": {"accuracy": 0.9989406779661016, "loss": [0.186929851770401, 0.1875598281621933, 0.18822266161441803, 0.1889125555753708, 0.18963468074798584]}, "0.9": {"accuracy": 0.0, "loss": [0.20333002507686615, 0.20273983478546143, 0.20218238234519958, 0.20166143774986267, 0.20117029547691345]}, "1.0": {"accuracy": 0.0, "loss": [0.25, 0.25, 0.25, 0.25, 0.25]}}, "1e-05": {"0.7": {"accuracy": 0.9692796610169492, "loss": [0.75, 0.75, 0.75, 0.1468137800693512, 0.14688877761363983]}, "0.8": {"accuracy": 0.9925847457627118, "loss": [0.2920423746109009, 0.29187658429145813, 0.29171130061149597, 0.29154646396636963, 0.2913820743560791]}, "0.9": {"accuracy": 1.0, "loss": [0.5, 0.5, 0.5, 0.5, 0.5]}, "1.0": {"accuracy": 1.0, "loss": [0.25, 0.25, 0.25, 0.25, 0.25]}}, "1e-06": {"0.7": {"accuracy": 0.9989406779661016, "loss": [0.5, 0.5, 0.5, 0.5, 0.5]}, "0.8": {"accuracy": 1.0, "loss": [0.3117823004722595, 0.3117772340774536, 0.3117721676826477, 0.3117670714855194, 0.3117620348930359]}, "0.9": {"accuracy": 0.986228813559322, "loss": [0.21169105172157288, 0.21167534589767456, 0.21165958046913147, 0.21164387464523315, 0.21162818372249603]}, "1.0": {"accuracy": 0.0, "loss": [0.3564262092113495, 0.3564198911190033, 0.3564133644104004, 0.3564067780971527, 0.35640013217926025]}}}}