{"shallow": {"0.1": {"0.7": {"accuracy": 0.7275413711583925, "loss": [0.09194837510585785, 0.08441038429737091, 0.08084149658679962, 0.07864059507846832, 0.07711149007081985]}, "0.8": {"accuracy": 0.7275413711583925, "loss": [0.09173491597175598, 0.08443418145179749, 0.08095443248748779, 0.07879981398582458, 0.07729355990886688]}, "0.9": {"accuracy": 0.7275413711583925, "loss": [0.09188218414783478, 0.08440795540809631, 0.08082996308803558, 0.07862527668476105, 0.07709507644176483]}, "1.0": {"accuracy": 0.7275413711583925, "loss": [0.09233100712299347, 0.08458224684000015, 0.08092987537384033, 0.07868875563144684, 0.07713671028614044]}}, "0.01": {"0.7": {"accuracy": 0.7408392434988179, "loss": [0.146706685423851, 0.1253882348537445, 0.11548055708408356, 0.10965671390295029, 0.10569173097610474]}, "0.8": {"accuracy": 0.7408392434988179, "loss": [0.14371445775032043, 0.12333085387945175, 0.11409248411655426, 0.1086563766002655, 0.10492989420890808]}, "0.9": {"accuracy": 0.7414302600472813, "loss": [0.15074285864830017, 0.12696972489356995, 0.11638344079256058, 0.1102689579129219, 0.1061459630727768]}, "1.0": {"accuracy": 0.7405437352245863, "loss": [0.13984455168247223, 0.1222841888666153, 0.11393274366855621, 0.10874658823013306, 0.10506868362426758]}}, "0.001": {"0.7": {"accuracy": 0.6719858156028369, "loss": [0.21348941326141357, 0.19307634234428406, 0.18037647008895874, 0.1713137924671173, 0.1642976850271225]}, "0.8": {"accuracy": 0.6814420803782506, "loss": [0.1985425055027008, 0.18406552076339722, 0.174235001206398, 0.16682013869285583, 0.1608293652534485]}, "0.9": {"accuracy": 0.6625295508274232, "loss": [0.19071358442306519, 0.17766447365283966, 0.16892555356025696, 0.1623125672340393, 0.15694257616996765]}, "1.0": {"accuracy": 0.6722813238770685, "loss": [0.20774772763252258, 0.18901923298835754, 0.17698067426681519, 0.168329119682312, 0.16161127388477325]}}, "0.0001": {"0.7": {"accuracy": 1.0, "loss": [0.20898236334323883, 0.20629462599754333, 0.2036406248807907, 0.20104065537452698, 0.1984592080116272]}, "0.8": {"accuracy": 0.6353427895981087, "loss": [0.23250114917755127, 0.22800910472869873, 0.22389300167560577, 0.22007670998573303, 0.21652550995349884]}, "0.9": {"accuracy": 0.4766548463356974, "loss": [0.2918965518474579, 0.2832028865814209, 0.275455504655838, 0.26842939853668213, 0.2620052099227905]}, "1.0": {"accuracy": 0.33687943262411346, "loss": [0.2103206217288971, 0.20795103907585144, 0.20497164130210876, 0.2024778574705124, 0.20011556148529053]}}, "1e-05": {"0.7": {"accuracy": 1.0, "loss": [0.25756165385246277, 0.25687819719314575, 0.2561952769756317, 0.2555123269557953, 0.2548290491104126]}, "0.8": {"accuracy": 0.7987588652482269, "loss": [0.30281925201416016, 0.3018009066581726, 0.3007851243019104, 0.29977208375930786, 0.29876211285591125]}, "0.9": {"accuracy": 0.6205673758865248, "loss": [0.3195417523384094, 0.3184182047843933, 0.3173527419567108, 0.316318154335022, 0.31530648469924927]}, "1.0": {"accuracy": 0.8817966903073287, "loss": [0.2894681990146637, 0.2885444164276123, 0.2876194715499878, 0.2866945266723633, 0.28577014803886414]}}, "1e-06": {"0.7": {"accuracy": 1.0, "loss": [0.20673692226409912, 0.2067168653011322, 0.20669685304164886, 0.2066769152879715, 0.2066570371389389]}, "0.8": {"accuracy": 0.7452718676122931, "loss": [0.25092780590057373, 0.25088971853256226, 0.25085148215293884, 0.25081324577331543, 0.25077491998672485]}, "0.9": {"accuracy": 1.0, "loss": [0.24605727195739746, 0.245990589261055, 0.24592392146587372, 0.24585728347301483, 0.24579069018363953]}, "1.0": {"accuracy": 1.0, "loss": [0.2642187476158142, 0.2641682028770447, 0.2641177177429199, 0.26406729221343994, 0.2640169560909271]}}}, "deep": {"0.1": {"0.7": {"accuracy": 0.0, "loss": [0.18651701509952545, 0.18651701509952545, 0.18651701509952545, 0.18651701509952545, 0.18651701509952545]}, "0.8": {"accuracy": 0.8043735224586288, "loss": [0.06177707761526108, 0.05190238356590271, 0.049103498458862305, 0.0481208860874176, 0.047796789556741714]}, "0.9": {"accuracy": 0.774822695035461, "loss": [0.04984092712402344, 0.043121568858623505, 0.04142586886882782, 0.04101783037185669, 0.03848981112241745]}, "1.0": {"accuracy": 0.7293144208037825, "loss": [0.07760143280029297, 0.07280082255601883, 0.06532008200883865, 0.06873348355293274, 0.07231371104717255]}}, "0.01": {"0.7": {"accuracy": 0.7618203309692672, "loss": [0.12253431230783463, 0.09840470552444458, 0.08378813415765762, 0.07338427007198334, 0.06580892205238342]}, "0.8": {"accuracy": 0.6362293144208038, "loss": [0.13227450847625732, 0.1020999476313591, 0.09169867634773254, 0.08689607679843903, 0.08432769775390625]}, "0.9": {"accuracy": 0.7307919621749409, "loss": [0.13108055293560028, 0.10813403129577637, 0.09644009172916412, 0.08993756026029587, 0.08556897938251495]}, "1.0": {"accuracy": 0.7807328605200946, "loss": [0.15080773830413818, 0.11540493369102478, 0.09700386226177216, 0.08508648723363876, 0.07626083493232727]}}, "0.001": {"0.7": {"accuracy": 0.7041962174940898, "loss": [0.19653275609016418, 0.18010056018829346, 0.16942590475082397, 0.16019229590892792, 0.1517133116722107]}, "0.8": {"accuracy": 0.6953309692671394, "loss": [0.20857901871204376, 0.18795177340507507, 0.17646896839141846, 0.1678158938884735, 0.1599562168121338]}, "0.9": {"accuracy": 0.6365248226950354, "loss": [0.247030109167099, 0.2135075181722641, 0.1944946050643921, 0.18184304237365723, 0.17258739471435547]}, "1.0": {"accuracy": 0.6944444444444444, "loss": [0.1883678287267685, 0.17316681146621704, 0.1640183925628662, 0.1564406156539917, 0.14993011951446533]}}, "0.0001": {"0.7": {"accuracy": 0.8489952718676123, "loss": [0.2672959566116333, 0.25886061787605286, 0.2515708804130554, 0.24523967504501343, 0.23965391516685486]}, "0.8": {"accuracy": 0.0, "loss": [0.3361889123916626, 0.32569295167922974, 0.3159857392311096, 0.3070038855075836, 0.2986966073513031]}, "0.9": {"accuracy": 1.0, "loss": [0.2418084591627121, 0.2352990210056305, 0.22924131155014038, 0.22360219061374664, 0.21835224330425262]}, "1.0": {"accuracy": 0.9997044917257684, "loss": [0.23174317181110382, 0.22280588746070862, 0.21517978608608246, 0.20864862203598022, 0.20308883488178253]}}, "1e-05": {"0.7": {"accuracy": 0.984338061465721, "loss": [0.28152015805244446, 0.2807431221008301, 0.28001344203948975, 0.2793272137641907, 0.27867254614830017]}, "0.8": {"accuracy": 1.0, "loss": [0.22529786825180054, 0.22467167675495148, 0.2240595668554306, 0.22343650460243225, 0.222799152135849]}, "0.9": {"accuracy": 0.0, "loss": [0.30210238695144653, 0.3011391758918762, 0.3001856803894043, 0.2992416024208069, 0.2983054518699646]}, "1.0": {"accuracy": 0.0, "loss": [0.3389175832271576, 0.3375556468963623, 0.3362051844596863, 0.3348654508590698, 0.3335423469543457]}}, "1e-06": {"0.7": {"accuracy": 0.9994089834515366, "loss": [0.2150094211101532, 0.2149641215801239, 0.21491850912570953, 0.21487271785736084, 0.21482671797275543]}, "0.8": {"accuracy": 0.9997044917257684, "loss": [0.2539495527744293, 0.25386929512023926, 0.2537890076637268, 0.25370869040489197, 0.2536284327507019]}, "0.9": {"accuracy": 1.0, "loss": [0.2757209539413452, 0.2756252586841583, 0.2755297124385834, 0.2754341661930084, 0.2753387689590454]}, "1.0": {"accuracy": 0.27393617021276595, "loss": [0.2565723657608032, 0.2565333843231201, 0.2564947009086609, 0.2564561367034912, 0.256417840719223]}}}, "autoencoder": {"0.1": {"0.7": {"accuracy": 0.725177304964539, "loss": [0.0770229697227478, 0.07266492396593094, 0.07103192806243896, 0.069149449467659, 0.0759042501449585]}, "0.8": {"accuracy": 0.0, "loss": [0.18651701509952545, 0.18651701509952545, 0.18651701509952545, 0.18651701509952545, 0.18651701509952545]}, "0.9": {"accuracy": 0.0, "loss": [0.18651701509952545, 0.18651701509952545, 0.18651701509952545, 0.18651701509952545, 0.18651701509952545]}, "1.0": {"accuracy": 0.7319739952718676, "loss": [0.07792533934116364, 0.0726558268070221, 0.07107045501470566, 0.06887247413396835, 0.06699672341346741]}},