{"shallow": {"0.1": {"0.9": {"accuracies": [0.23315602836879432, 0.5345744680851063, 0.5381205673758865, 0.5410756501182034, 0.5449172576832151, 0.5458037825059102, 0.5475768321513003, 0.549645390070922, 0.5502364066193853, 0.550531914893617, 0.5520094562647754]}}, "0.01": {"0.9": {"accuracies": [0.183806146572104, 0.5189125295508275, 0.5091607565011821, 0.5106382978723404, 0.5162529550827423, 0.5195035460992907, 0.523936170212766, 0.5283687943262412, 0.5307328605200946, 0.5325059101654847, 0.5336879432624113]}}, "0.001": {"0.9": {"accuracies": [0.23522458628841608, 0.425531914893617, 0.42612293144208035, 0.4713356973995272, 0.5667848699763594, 0.5573286052009456, 0.5487588652482269, 0.5419621749408984, 0.5360520094562647, 0.5298463356973995, 0.5260047281323877]}}, "0.0001": {"0.9": {"accuracies": [0.24261229314420804, 0.24261229314420804, 0.24261229314420804, 0.24261229314420804, 0.24261229314420804, 0.24261229314420804, 0.24261229314420804, 0.24261229314420804, 0.24468085106382978, 0.24852245862884162, 0.2585697399527187]}}, "1e-05": {"0.9": {"accuracies": [0.09869976359338062, 0.10904255319148937, 0.14893617021276595, 0.19533096926713947, 0.25354609929078015, 0.2541371158392435, 0.2541371158392435, 0.2541371158392435, 0.2541371158392435, 0.2541371158392435, 0.2541371158392435]}}, "1e-06": {"0.9": {"accuracies": [0.3815011820330969, 0.3817966903073286, 0.3817966903073286, 0.3820921985815603, 0.3820921985815603, 0.3820921985815603, 0.3826832151300236, 0.3826832151300236, 0.3826832151300236, 0.3829787234042553, 0.38386524822695034]}}}, "deep": {"0.1": {"0.9": {"accuracies": [0.24497635933806147, 0.5709219858156028, 0.5777186761229315, 0.583628841607565, 0.5839243498817966, 0.5848108747044918, 0.58451536643026, 0.5839243498817966, 0.5842198581560284, 0.58451536643026, 0.5851063829787234]}}, "0.01": {"0.9": {"accuracies": [0.14598108747044916, 0.2845744680851064, 0.4589243498817967, 0.4728132387706856, 0.4846335697399527, 0.4929078014184397, 0.5032505910165485, 0.5070921985815603, 0.5124113475177305, 0.5168439716312057, 0.5192080378250591]}}, "0.001": {"0.9": {"accuracies": [0.34308510638297873, 0.4385342789598109, 0.45005910165484636, 0.48197399527186763, 0.4946808510638298, 0.5047281323877069, 0.5118203309692672, 0.5162529550827423, 0.517434988179669, 0.5260047281323877, 0.5316193853427896]}}, "0.0001": {"0.9": {"accuracies": [0.13120567375886524, 0.13918439716312056, 0.15395981087470448, 0.17228132387706857, 0.1950354609929078, 0.2127659574468085, 0.2375886524822695, 0.2541371158392435, 0.2541371158392435, 0.2541371158392435, 0.2541371158392435]}}, "1e-05": {"0.9": {"accuracies": [0.2142434988179669, 0.21483451536643025, 0.2157210401891253, 0.21749408983451538, 0.2198581560283688, 0.22163120567375885, 0.22340425531914893, 0.22488179669030733, 0.2266548463356974, 0.22901891252955084, 0.23108747044917258]}}, "1e-06": {"0.9": {"accuracies": [0.2541371158392435, 0.2541371158392435, 0.2541371158392435, 0.2541371158392435, 0.2541371158392435, 0.2541371158392435, 0.2541371158392435, 0.2541371158392435, 0.2541371158392435, 0.2541371158392435, 0.2541371158392435]}}}, "autoencoder": {"0.1": {"0.9": {"accuracies": [0.24143026004728133, 0.533096926713948, 0.5419621749408984, 0.5493498817966903, 0.5526004728132388, 0.5531914893617021, 0.5558510638297872, 0.5573286052009456, 0.558806146572104, 0.5608747044917257, 0.5591016548463357]}}, "0.01": {"0.9": {"accuracies": [0.24143026004728133, 0.3478132387706856, 0.3351063829787234, 0.3519503546099291, 0.49024822695035464, 0.49497635933806144, 0.5, 0.5044326241134752, 0.5097517730496454, 0.5138888888888888, 0.5144799054373522]}}, "0.001": {"0.9": {"accuracies": [0.2461583924349882, 0.24261229314420804, 0.24261229314420804, 0.24261229314420804, 0.24261229314420804, 0.24261229314420804, 0.24261229314420804, 0.24261229314420804, 0.24261229314420804, 0.26182033096926716, 0.26182033096926716]}}, "0.0001": {"0.9": {"accuracies": [0.22399527186761228, 0.23877068557919623, 0.24143026004728133, 0.24143026004728133, 0.24143026004728133, 0.24143026004728133, 0.24143026004728133, 0.24143026004728133, 0.24143026004728133, 0.24143026004728133, 0.24143026004728133]}}, "1e-05": {"0.9": {"accuracies": [0.24143026004728133, 0.24143026004728133, 0.24143026004728133, 0.24143026004728133, 0.24143026004728133, 0.24143026004728133, 0.24143026004728133, 0.24143026004728133, 0.24143026004728133, 0.24143026004728133, 0.24143026004728133]}}, "1e-06": {"0.9": {"accuracies": [0.24143026004728133, 0.24143026004728133, 0.24143026004728133, 0.24143026004728133, 0.24143026004728133, 0.24143026004728133, 0.24143026004728133, 0.24143026004728133, 0.24143026004728133, 0.24143026004728133, 0.24143026004728133]}}}, "deep w/ 2 HL": {"0.1": {"0.9": {"accuracies": [0.23965721040189125, 0.574468085106383, 0.5830378250591016, 0.5839243498817966, 0.58451536643026, 0.5848108747044918, 0.5842198581560284, 0.58274231678487, 0.58274231678487, 0.581855791962175, 0.5800827423167849]}}, "0.01": {"0.9": {"accuracies": [0.24143026004728133, 0.5407801418439716, 0.5602836879432624, 0.5706264775413712, 0.5765366430260047, 0.5783096926713948, 0.5786052009456265, 0.5800827423167849, 0.5789007092198581, 0.5786052009456265, 0.5777186761229315]}}, "0.001": {"0.9": {"accuracies": [0.26182033096926716, 0.26182033096926716, 0.26182033096926716, 0.26182033096926716, 0.26182033096926716, 0.26182033096926716, 0.26182033096926716, 0.26182033096926716, 0.4078014184397163, 0.4639479905437352, 0.4604018912529551]}}, "0.0001": {"0.9": {"accuracies": [0.2541371158392435, 0.2541371158392435, 0.2541371158392435, 0.2541371158392435, 0.2541371158392435, 0.2541371158392435, 0.2541371158392435, 0.2541371158392435, 0.2541371158392435, 0.2541371158392435, 0.2541371158392435]}}, "1e-05": {"0.9": {"accuracies": [0.26182033096926716, 0.26182033096926716, 0.26182033096926716, 0.26182033096926716, 0.26182033096926716, 0.26182033096926716, 0.26182033096926716, 0.26182033096926716, 0.26182033096926716, 0.26182033096926716, 0.26182033096926716]}}, "1e-06": {"0.9": {"accuracies": [0.26182033096926716, 0.26182033096926716, 0.26182033096926716, 0.26182033096926716, 0.26182033096926716, 0.26182033096926716, 0.26182033096926716, 0.26182033096926716, 0.26182033096926716, 0.26182033096926716, 0.26182033096926716]}}}}