{"shallow": {"0.1": {"0.9": {"accuracies": [0.019067796610169493, 0.012711864406779662, 0.012711864406779662, 0.012711864406779662, 0.012711864406779662, 0.012711864406779662, 0.012711864406779662, 0.012711864406779662, 0.012711864406779662, 0.012711864406779662, 0.012711864406779662]}}, "0.01": {"0.9": {"accuracies": [0.5529661016949152, 0.0635593220338983, 0.0635593220338983, 0.0635593220338983, 0.0635593220338983, 0.0635593220338983, 0.0635593220338983, 0.0635593220338983, 0.0635593220338983, 0.0635593220338983, 0.0635593220338983]}}, "0.001": {"0.9": {"accuracies": [0.8315677966101694, 0.8315677966101694, 0.8315677966101694, 0.8315677966101694, 0.8315677966101694, 0.8315677966101694, 0.8315677966101694, 0.8315677966101694, 0.8315677966101694, 0.8315677966101694, 0.8315677966101694]}}, "0.0001": {"0.9": {"accuracies": [0.012711864406779662, 0.012711864406779662, 0.012711864406779662, 0.012711864406779662, 0.012711864406779662, 0.012711864406779662, 0.012711864406779662, 0.012711864406779662, 0.012711864406779662, 0.012711864406779662, 0.012711864406779662]}}, "1e-05": {"0.9": {"accuracies": [0.012711864406779662, 0.012711864406779662, 0.012711864406779662, 0.012711864406779662, 0.012711864406779662, 0.012711864406779662, 0.012711864406779662, 0.012711864406779662, 0.012711864406779662, 0.012711864406779662, 0.012711864406779662]}}, "1e-06": {"0.9": {"accuracies": [0.05402542372881356, 0.05084745762711865, 0.0423728813559322, 0.012711864406779662, 0.012711864406779662, 0.012711864406779662, 0.012711864406779662, 0.012711864406779662, 0.012711864406779662, 0.012711864406779662, 0.012711864406779662]}}}, "deep": {"0.1": {"0.9": {"accuracies": [0.05508474576271186, 0.8315677966101694, 0.8315677966101694, 0.8315677966101694, 0.8315677966101694, 0.8315677966101694, 0.8315677966101694, 0.8315677966101694, 0.8315677966101694, 0.8315677966101694, 0.8315677966101694]}}, "0.01": {"0.9": {"accuracies": [0.012711864406779662, 0.012711864406779662, 0.012711864406779662, 0.012711864406779662, 0.012711864406779662, 0.012711864406779662, 0.012711864406779662, 0.012711864406779662, 0.012711864406779662, 0.012711864406779662, 0.012711864406779662]}}, "0.001": {"0.9": {"accuracies": [0.659957627118644, 0.012711864406779662, 0.012711864406779662, 0.012711864406779662, 0.012711864406779662, 0.012711864406779662, 0.012711864406779662, 0.012711864406779662, 0.012711864406779662, 0.012711864406779662, 0.012711864406779662]}}, "0.0001": {"0.9": {"accuracies": [0.012711864406779662, 0.012711864406779662, 0.012711864406779662, 0.012711864406779662, 0.012711864406779662, 0.012711864406779662, 0.012711864406779662, 0.012711864406779662, 0.012711864406779662, 0.012711864406779662, 0.012711864406779662]}}, "1e-05": {"0.9": {"accuracies": [0.012711864406779662, 0.012711864406779662, 0.012711864406779662, 0.012711864406779662, 0.012711864406779662, 0.012711864406779662, 0.012711864406779662, 0.012711864406779662, 0.012711864406779662, 0.012711864406779662, 0.012711864406779662]}}, "1e-06": {"0.9": {"accuracies": [0.8315677966101694, 0.8315677966101694, 0.8315677966101694, 0.8315677966101694, 0.8315677966101694, 0.8315677966101694, 0.8315677966101694, 0.8315677966101694, 0.8315677966101694, 0.8315677966101694, 0.8315677966101694]}}}, "autoencoder": {"0.1": {"0.9": {"accuracies": [0.012711864406779662, 0.012711864406779662, 0.012711864406779662, 0.012711864406779662, 0.012711864406779662, 0.012711864406779662, 0.012711864406779662, 0.012711864406779662, 0.012711864406779662, 0.012711864406779662, 0.012711864406779662]}}, "0.01": {"0.9": {"accuracies": [0.1048728813559322, 0.8315677966101694, 0.8315677966101694, 0.8315677966101694, 0.8315677966101694, 0.8315677966101694, 0.8315677966101694, 0.8315677966101694, 0.8315677966101694, 0.8315677966101694, 0.8315677966101694]}}, "0.001": {"0.9": {"accuracies": [0.15572033898305085, 0.09110169491525423, 0.8315677966101694, 0.8315677966101694, 0.8315677966101694, 0.8315677966101694, 0.8315677966101694, 0.8315677966101694, 0.8315677966101694, 0.8315677966101694, 0.8315677966101694]}}, "0.0001": {"0.9": {"accuracies": [0.8315677966101694, 0.8315677966101694, 0.8315677966101694, 0.8315677966101694, 0.8315677966101694, 0.8315677966101694, 0.8315677966101694, 0.8315677966101694, 0.8315677966101694, 0.8315677966101694, 0.8315677966101694]}}, "1e-05": {"0.9": {"accuracies": [0.012711864406779662, 0.012711864406779662, 0.012711864406779662, 0.012711864406779662, 0.012711864406779662, 0.012711864406779662, 0.012711864406779662, 0.012711864406779662, 0.012711864406779662, 0.012711864406779662, 0.012711864406779662]}}, "1e-06": {"0.9": {"accuracies": [0.015889830508474576, 0.015889830508474576, 0.015889830508474576, 0.015889830508474576, 0.015889830508474576, 0.015889830508474576, 0.015889830508474576, 0.015889830508474576, 0.015889830508474576, 0.015889830508474576, 0.015889830508474576]}}}, "deep w/ 2 HL": {"0.1": {"0.9": {"accuracies": [0.013771186440677966, 0.013771186440677966, 0.013771186440677966, 0.013771186440677966, 0.013771186440677966, 0.013771186440677966, 0.013771186440677966, 0.013771186440677966, 0.013771186440677966, 0.013771186440677966, 0.013771186440677966]}}, "0.01": {"0.9": {"accuracies": [0.09216101694915255, 0.09216101694915255, 0.09216101694915255, 0.09216101694915255, 0.09216101694915255, 0.09216101694915255, 0.09216101694915255, 0.09216101694915255, 0.09216101694915255, 0.09216101694915255, 0.09216101694915255]}}, "0.001": {"0.9": {"accuracies": [0.012711864406779662, 0.8315677966101694, 0.8315677966101694, 0.8315677966101694, 0.8315677966101694, 0.8315677966101694, 0.8315677966101694, 0.8315677966101694, 0.8315677966101694, 0.8315677966101694, 0.8315677966101694]}}, "0.0001": {"0.9": {"accuracies": [0.037076271186440676, 0.8315677966101694, 0.809322033898305, 0.8008474576271186, 0.798728813559322, 0.798728813559322, 0.7976694915254238, 0.7828389830508474, 0.7786016949152542, 0.763771186440678, 0.7658898305084746]}}, "1e-05": {"0.9": {"accuracies": [0.012711864406779662, 0.012711864406779662, 0.012711864406779662, 0.012711864406779662, 0.012711864406779662, 0.012711864406779662, 0.012711864406779662, 0.012711864406779662, 0.012711864406779662, 0.012711864406779662, 0.012711864406779662]}}, "1e-06": {"0.9": {"accuracies": [0.0635593220338983, 0.0635593220338983, 0.0635593220338983, 0.0635593220338983, 0.0635593220338983, 0.0635593220338983, 0.0635593220338983, 0.0635593220338983, 0.0635593220338983, 0.0635593220338983, 0.0635593220338983]}}}}