{"shallow": {"0.1": {"0.9": {"accuracies": [0.04449152542372881, 0.046610169491525424, 0.046610169491525424, 0.046610169491525424, 0.046610169491525424, 0.046610169491525424, 0.046610169491525424, 0.046610169491525424, 0.046610169491525424, 0.046610169491525424, 0.046610169491525424]}}, "0.01": {"0.9": {"accuracies": [0.17690677966101695, 0.007415254237288136, 0.007415254237288136, 0.007415254237288136, 0.007415254237288136, 0.007415254237288136, 0.007415254237288136, 0.007415254237288136, 0.007415254237288136, 0.007415254237288136, 0.007415254237288136]}}, "0.001": {"0.9": {"accuracies": [0.007415254237288136, 0.007415254237288136, 0.007415254237288136, 0.007415254237288136, 0.007415254237288136, 0.007415254237288136, 0.007415254237288136, 0.007415254237288136, 0.007415254237288136, 0.007415254237288136, 0.007415254237288136]}}, "0.0001": {"0.9": {"accuracies": [0.007415254237288136, 0.007415254237288136, 0.007415254237288136, 0.007415254237288136, 0.007415254237288136, 0.007415254237288136, 0.007415254237288136, 0.007415254237288136, 0.007415254237288136, 0.007415254237288136, 0.007415254237288136]}}, "1e-05": {"0.9": {"accuracies": [0.07521186440677965, 0.0836864406779661, 0.08050847457627118, 0.08050847457627118, 0.05614406779661017, 0.04978813559322034, 0.04978813559322034, 0.04978813559322034, 0.04978813559322034, 0.04978813559322034, 0.04978813559322034]}}, "1e-06": {"0.9": {"accuracies": [0.007415254237288136, 0.007415254237288136, 0.007415254237288136, 0.007415254237288136, 0.007415254237288136, 0.007415254237288136, 0.007415254237288136, 0.007415254237288136, 0.007415254237288136, 0.007415254237288136, 0.007415254237288136]}}}, "deep": {"0.1": {"0.9": {"accuracies": [0.007415254237288136, 0.007415254237288136, 0.007415254237288136, 0.007415254237288136, 0.007415254237288136, 0.007415254237288136, 0.007415254237288136, 0.007415254237288136, 0.007415254237288136, 0.007415254237288136, 0.007415254237288136]}}, "0.01": {"0.9": {"accuracies": [0.007415254237288136, 0.007415254237288136, 0.007415254237288136, 0.007415254237288136, 0.007415254237288136, 0.007415254237288136, 0.007415254237288136, 0.007415254237288136, 0.007415254237288136, 0.007415254237288136, 0.007415254237288136]}}, "0.001": {"0.9": {"accuracies": [0.007415254237288136, 0.00847457627118644, 0.009533898305084746, 0.009533898305084746, 0.009533898305084746, 0.009533898305084746, 0.009533898305084746, 0.009533898305084746, 0.009533898305084746, 0.009533898305084746, 0.009533898305084746]}}, "0.0001": {"0.9": {"accuracies": [0.7733050847457628, 0.8379237288135594, 0.8379237288135594, 0.8379237288135594, 0.8379237288135594, 0.8379237288135594, 0.8379237288135594, 0.8379237288135594, 0.8379237288135594, 0.8379237288135594, 0.8379237288135594]}}, "1e-05": {"0.9": {"accuracies": [0.013771186440677966, 0.01694915254237288, 0.01694915254237288, 0.01694915254237288, 0.01694915254237288, 0.01694915254237288, 0.01694915254237288, 0.01694915254237288, 0.01694915254237288, 0.01694915254237288, 0.01694915254237288]}}, "1e-06": {"0.9": {"accuracies": [0.014830508474576272, 0.015889830508474576, 0.019067796610169493, 0.019067796610169493, 0.0211864406779661, 0.022245762711864406, 0.023305084745762712, 0.024364406779661018, 0.022245762711864406, 0.023305084745762712, 0.023305084745762712]}}}, "autoencoder": {"0.1": {"0.9": {"accuracies": [0.8379237288135594, 0.8379237288135594, 0.8379237288135594, 0.8379237288135594, 0.8379237288135594, 0.8379237288135594, 0.8379237288135594, 0.8379237288135594, 0.8379237288135594, 0.8379237288135594, 0.8379237288135594]}}, "0.01": {"0.9": {"accuracies": [0.8379237288135594, 0.8379237288135594, 0.8379237288135594, 0.8379237288135594, 0.8379237288135594, 0.8379237288135594, 0.8379237288135594, 0.8379237288135594, 0.8379237288135594, 0.8379237288135594, 0.8379237288135594]}}, "0.001": {"0.9": {"accuracies": [0.04978813559322034, 0.8358050847457628, 0.8358050847457628, 0.8358050847457628, 0.8358050847457628, 0.8358050847457628, 0.8358050847457628, 0.8358050847457628, 0.8358050847457628, 0.8358050847457628, 0.8358050847457628]}}, "0.0001": {"0.9": {"accuracies": [0.8379237288135594, 0.8379237288135594, 0.8379237288135594, 0.8379237288135594, 0.8379237288135594, 0.8379237288135594, 0.8379237288135594, 0.8379237288135594, 0.8379237288135594, 0.8379237288135594, 0.8379237288135594]}}, "1e-05": {"0.9": {"accuracies": [0.8379237288135594, 0.8379237288135594, 0.8379237288135594, 0.8379237288135594, 0.8379237288135594, 0.8379237288135594, 0.8379237288135594, 0.8379237288135594, 0.8379237288135594, 0.8379237288135594, 0.8379237288135594]}}, "1e-06": {"0.9": {"accuracies": [0.8379237288135594, 0.8379237288135594, 0.8379237288135594, 0.8379237288135594, 0.8379237288135594, 0.8379237288135594, 0.8379237288135594, 0.8379237288135594, 0.8379237288135594, 0.8379237288135594, 0.8379237288135594]}}}, "deep w/ 2 HL": {"0.1": {"0.9": {"accuracies": [0.007415254237288136, 0.007415254237288136, 0.007415254237288136, 0.007415254237288136, 0.007415254237288136, 0.007415254237288136, 0.007415254237288136, 0.007415254237288136, 0.007415254237288136, 0.007415254237288136, 0.007415254237288136]}}, "0.01": {"0.9": {"accuracies": [0.007415254237288136, 0.007415254237288136, 0.007415254237288136, 0.007415254237288136, 0.007415254237288136, 0.007415254237288136, 0.007415254237288136, 0.007415254237288136, 0.007415254237288136, 0.007415254237288136, 0.007415254237288136]}}, "0.001": {"0.9": {"accuracies": [0.03072033898305085, 0.007415254237288136, 0.007415254237288136, 0.8379237288135594, 0.8379237288135594, 0.8379237288135594, 0.8379237288135594, 0.8379237288135594, 0.8379237288135594, 0.8379237288135594, 0.8379237288135594]}}, "0.0001": {"0.9": {"accuracies": [0.8379237288135594, 0.8379237288135594, 0.8379237288135594, 0.8379237288135594, 0.8379237288135594, 0.8379237288135594, 0.8379237288135594, 0.8379237288135594, 0.8379237288135594, 0.8379237288135594, 0.8379237288135594]}}, "1e-05": {"0.9": {"accuracies": [0.007415254237288136, 0.007415254237288136, 0.007415254237288136, 0.007415254237288136, 0.007415254237288136, 0.007415254237288136, 0.007415254237288136, 0.007415254237288136, 0.007415254237288136, 0.007415254237288136, 0.007415254237288136]}}, "1e-06": {"0.9": {"accuracies": [0.029661016949152543, 0.029661016949152543, 0.03177966101694915, 0.03283898305084746, 0.03283898305084746, 0.03389830508474576, 0.034957627118644065, 0.03389830508474576, 0.03389830508474576, 0.03389830508474576, 0.03389830508474576]}}}}